<?xml version="1.0" encoding="UTF-8"?>
<GenRun Id="impl_1" LaunchPart="xc7z015clg485-1" LaunchTime="1562932280">
  <File Type="BITSTR-BMM" Name="system_top_bd.bmm"/>
  <File Type="OPT-METHODOLOGY-DRC" Name="system_top_methodology_drc_opted.rpt"/>
  <File Type="INIT-TIMING" Name="system_top_timing_summary_init.rpt"/>
  <File Type="ROUTE-PWR" Name="system_top_power_routed.rpt"/>
  <File Type="PA-TCL" Name="system_top.tcl"/>
  <File Type="OPT-TIMING" Name="system_top_timing_summary_opted.rpt"/>
  <File Type="OPT-DCP" Name="system_top_opt.dcp"/>
  <File Type="ROUTE-PWR-SUM" Name="system_top_power_summary_routed.pb"/>
  <File Type="REPORTS-TCL" Name="system_top_reports.tcl"/>
  <File Type="OPT-DRC" Name="system_top_drc_opted.rpt"/>
  <File Type="OPT-HWDEF" Name="system_top.hwdef"/>
  <File Type="PWROPT-DCP" Name="system_top_pwropt.dcp"/>
  <File Type="PWROPT-DRC" Name="system_top_drc_pwropted.rpt"/>
  <File Type="PWROPT-TIMING" Name="system_top_timing_summary_pwropted.rpt"/>
  <File Type="PLACE-DCP" Name="system_top_placed.dcp"/>
  <File Type="PLACE-IO" Name="system_top_io_placed.rpt"/>
  <File Type="PLACE-CLK" Name="system_top_clock_utilization_placed.rpt"/>
  <File Type="PLACE-UTIL" Name="system_top_utilization_placed.rpt"/>
  <File Type="PLACE-UTIL-PB" Name="system_top_utilization_placed.pb"/>
  <File Type="PLACE-CTRL" Name="system_top_control_sets_placed.rpt"/>
  <File Type="PLACE-SIMILARITY" Name="system_top_incremental_reuse_placed.rpt"/>
  <File Type="PLACE-PRE-SIMILARITY" Name="system_top_incremental_reuse_pre_placed.rpt"/>
  <File Type="BG-BGN" Name="system_top.bgn"/>
  <File Type="PLACE-TIMING" Name="system_top_timing_summary_placed.rpt"/>
  <File Type="POSTPLACE-PWROPT-DCP" Name="system_top_postplace_pwropt.dcp"/>
  <File Type="BG-BIN" Name="system_top.bin"/>
  <File Type="POSTPLACE-PWROPT-TIMING" Name="system_top_timing_summary_postplace_pwropted.rpt"/>
  <File Type="PHYSOPT-DCP" Name="system_top_physopt.dcp"/>
  <File Type="PHYSOPT-DRC" Name="system_top_drc_physopted.rpt"/>
  <File Type="BITSTR-MSK" Name="system_top.msk"/>
  <File Type="PHYSOPT-TIMING" Name="system_top_timing_summary_physopted.rpt"/>
  <File Type="ROUTE-ERROR-DCP" Name="system_top_routed_error.dcp"/>
  <File Type="ROUTE-DCP" Name="system_top_routed.dcp"/>
  <File Type="ROUTE-BLACKBOX-DCP" Name="system_top_routed_bb.dcp"/>
  <File Type="ROUTE-DRC" Name="system_top_drc_routed.rpt"/>
  <File Type="ROUTE-DRC-PB" Name="system_top_drc_routed.pb"/>
  <File Type="BITSTR-LTX" Name="debug_nets.ltx"/>
  <File Type="BITSTR-LTX" Name="system_top.ltx"/>
  <File Type="ROUTE-DRC-RPX" Name="system_top_drc_routed.rpx"/>
  <File Type="BITSTR-MMI" Name="system_top.mmi"/>
  <File Type="ROUTE-METHODOLOGY-DRC" Name="system_top_methodology_drc_routed.rpt"/>
  <File Type="ROUTE-METHODOLOGY-DRC-RPX" Name="system_top_methodology_drc_routed.rpx"/>
  <File Type="BITSTR-SYSDEF" Name="system_top.sysdef"/>
  <File Type="ROUTE-METHODOLOGY-DRC-PB" Name="system_top_methodology_drc_routed.pb"/>
  <File Type="ROUTE-PWR-RPX" Name="system_top_power_routed.rpx"/>
  <File Type="ROUTE-STATUS" Name="system_top_route_status.rpt"/>
  <File Type="ROUTE-STATUS-PB" Name="system_top_route_status.pb"/>
  <File Type="ROUTE-TIMINGSUMMARY" Name="system_top_timing_summary_routed.rpt"/>
  <File Type="ROUTE-TIMING-PB" Name="system_top_timing_summary_routed.pb"/>
  <File Type="ROUTE-TIMING-RPX" Name="system_top_timing_summary_routed.rpx"/>
  <File Type="ROUTE-SIMILARITY" Name="system_top_incremental_reuse_routed.rpt"/>
  <File Type="ROUTE-CLK" Name="system_top_clock_utilization_routed.rpt"/>
  <File Type="ROUTE-BUS-SKEW" Name="system_top_bus_skew_routed.rpt"/>
  <File Type="ROUTE-BUS-SKEW-PB" Name="system_top_bus_skew_routed.pb"/>
  <File Type="ROUTE-BUS-SKEW-RPX" Name="system_top_bus_skew_routed.rpx"/>
  <File Type="POSTROUTE-PHYSOPT-DCP" Name="system_top_postroute_physopt.dcp"/>
  <File Type="POSTROUTE-PHYSOPT-BLACKBOX-DCP" Name="system_top_postroute_physopt_bb.dcp"/>
  <File Type="POSTROUTE-PHYSOPT-TIMING" Name="system_top_timing_summary_postroute_physopted.rpt"/>
  <File Type="POSTROUTE-PHYSOPT-TIMING-PB" Name="system_top_timing_summary_postroute_physopted.pb"/>
  <File Type="POSTROUTE-PHYSOPT-TIMING-RPX" Name="system_top_timing_summary_postroute_physopted.rpx"/>
  <File Type="POSTROUTE-PHYSOPT-BUS-SKEW" Name="system_top_bus_skew_postroute_physopted.rpt"/>
  <File Type="POSTROUTE-PHYSOPT-BUS-SKEW-PB" Name="system_top_bus_skew_postroute_physopted.pb"/>
  <File Type="BG-BIT" Name="system_top.bit"/>
  <File Type="POSTROUTE-PHYSOPT-BUS-SKEW-RPX" Name="system_top_bus_skew_postroute_physopted.rpx"/>
  <File Type="BITSTR-RBT" Name="system_top.rbt"/>
  <File Type="BITSTR-NKY" Name="system_top.nky"/>
  <File Type="BG-DRC" Name="system_top.drc"/>
  <File Type="RDI-RDI" Name="system_top.vdi"/>
  <File Type="WBT-USG" Name="usage_statistics_webtalk.html"/>
  <FileSet Name="sources" Type="DesignSrcs" RelSrcDir="$PSRCDIR/sources_1">
    <Filter Type="Srcs"/>
    <File Path="$PPRDIR/src/Frame_buffer.v">
      <FileInfo>
        <Attr Name="UsedIn" Val="synthesis"/>
        <Attr Name="UsedIn" Val="implementation"/>
        <Attr Name="UsedIn" Val="simulation"/>
      </FileInfo>
    </File>
    <File Path="$PPRDIR/src/OV7670_config.v">
      <FileInfo>
        <Attr Name="UsedIn" Val="synthesis"/>
        <Attr Name="UsedIn" Val="implementation"/>
        <Attr Name="UsedIn" Val="simulation"/>
      </FileInfo>
    </File>
    <File Path="$PPRDIR/src/OV7670_config_rom.v">
      <FileInfo>
        <Attr Name="UsedIn" Val="synthesis"/>
        <Attr Name="UsedIn" Val="implementation"/>
        <Attr Name="UsedIn" Val="simulation"/>
      </FileInfo>
    </File>
    <File Path="$PPRDIR/src/SCCB_interface.v">
      <FileInfo>
        <Attr Name="UsedIn" Val="synthesis"/>
        <Attr Name="UsedIn" Val="implementation"/>
        <Attr Name="UsedIn" Val="simulation"/>
      </FileInfo>
    </File>
    <File Path="$PPRDIR/src/cam_wrp.v">
      <FileInfo>
        <Attr Name="UsedIn" Val="synthesis"/>
        <Attr Name="UsedIn" Val="implementation"/>
        <Attr Name="UsedIn" Val="simulation"/>
      </FileInfo>
    </File>
    <File Path="$PPRDIR/src/camera_configure.v">
      <FileInfo>
        <Attr Name="UsedIn" Val="synthesis"/>
        <Attr Name="UsedIn" Val="implementation"/>
        <Attr Name="UsedIn" Val="simulation"/>
      </FileInfo>
    </File>
    <File Path="$PPRDIR/src/display.sv">
      <FileInfo>
        <Attr Name="UsedIn" Val="synthesis"/>
        <Attr Name="UsedIn" Val="implementation"/>
        <Attr Name="UsedIn" Val="simulation"/>
      </FileInfo>
    </File>
    <File Path="$PPRDIR/src/tft_ili9341.sv">
      <FileInfo>
        <Attr Name="UsedIn" Val="synthesis"/>
        <Attr Name="UsedIn" Val="implementation"/>
        <Attr Name="UsedIn" Val="simulation"/>
      </FileInfo>
    </File>
    <File Path="$PPRDIR/src/tft_ili9341_spi.sv">
      <FileInfo>
        <Attr Name="UsedIn" Val="synthesis"/>
        <Attr Name="UsedIn" Val="implementation"/>
        <Attr Name="UsedIn" Val="simulation"/>
      </FileInfo>
    </File>
    <File Path="$PPRDIR/src/system_top.v">
      <FileInfo>
        <Attr Name="UsedIn" Val="synthesis"/>
        <Attr Name="UsedIn" Val="implementation"/>
        <Attr Name="UsedIn" Val="simulation"/>
      </FileInfo>
    </File>
    <Config>
      <Option Name="DesignMode" Val="RTL"/>
      <Option Name="TopModule" Val="system_top"/>
      <Option Name="TopAutoSet" Val="TRUE"/>
    </Config>
  </FileSet>
  <FileSet Name="constrs_in" Type="Constrs" RelSrcDir="$PSRCDIR/constrs_1">
    <Filter Type="Constrs"/>
    <File Path="$PPRDIR/tft_lcd.xdc">
      <FileInfo>
        <Attr Name="UsedIn" Val="synthesis"/>
        <Attr Name="UsedIn" Val="implementation"/>
      </FileInfo>
    </File>
    <Config>
      <Option Name="ConstrsType" Val="XDC"/>
    </Config>
  </FileSet>
  <Strategy Version="1" Minor="2">
    <StratHandle Name="Vivado Implementation Defaults" Flow="Vivado Implementation 2018">
      <Desc>Default settings for Implementation.</Desc>
    </StratHandle>
    <Step Id="init_design"/>
    <Step Id="opt_design"/>
    <Step Id="power_opt_design"/>
    <Step Id="place_design"/>
    <Step Id="post_place_power_opt_design"/>
    <Step Id="phys_opt_design"/>
    <Step Id="route_design"/>
    <Step Id="post_route_phys_opt_design"/>
    <Step Id="write_bitstream"/>
  </Strategy>
  <BlockFileSet Type="BlockSrcs" Name="clk_wiz_0"/>
  <BlockFileSet Type="BlockSrcs" Name="blk_mem_gen_0"/>
</GenRun>
